"id","createdAt","updatedAt","game_date","week_number","away_team_points","home_team_points","away_team_id","home_team_id","user_id","location"
1027,2025-12-15 10:53:32.256 -0500,2025-12-15 10:53:32.256 -0500,2025-12-07 13:00:00.000 -0500,14,34,10,3,4,1,MetLife Stadium
1028,2025-12-15 10:53:32.259 -0500,2025-12-15 10:53:32.259 -0500,2025-12-07 13:00:00.000 -0500,14,24,20,28,26,1,Raymond James Stadium
1029,2025-12-15 10:53:32.262 -0500,2025-12-15 10:53:32.262 -0500,2025-12-07 13:00:00.000 -0500,14,34,39,7,2,1,Highmark Stadium
1030,2025-12-15 10:53:32.266 -0500,2025-12-15 10:53:32.266 -0500,2025-12-07 16:05:00.000 -0500,14,24,17,13,16,1,Allegiant Stadium
1031,2025-12-15 10:53:32.270 -0500,2025-12-15 10:53:32.270 -0500,2025-12-07 16:25:00.000 -0500,14,21,28,22,21,1,Lambeau Field
1032,2025-12-15 10:53:32.275 -0500,2025-12-15 10:53:32.275 -0500,2025-12-07 16:25:00.000 -0500,14,45,17,29,32,1,State Farm Stadium
1033,2025-12-15 10:53:32.279 -0500,2025-12-15 10:53:32.279 -0500,2025-12-07 20:20:00.000 -0500,14,20,10,10,15,1,GEHA Field at Arrowhead Stadium
1034,2025-12-15 10:53:32.283 -0500,2025-12-15 10:53:32.283 -0500,2025-12-08 20:15:00.000 -0500,14,19,22,17,14,1,SoFi Stadium
1035,2025-12-15 10:53:32.286 -0500,2025-12-15 10:53:32.286 -0500,2025-12-11 20:15:00.000 -0500,15,29,28,27,26,1,Raymond James Stadium
1050,2025-12-15 10:53:32.329 -0500,2025-12-15 10:53:32.329 -0500,2025-12-15 20:15:00.000 -0500,15,0,0,3,5,1,Acrisure Stadium
1051,2025-12-15 10:53:32.332 -0500,2025-12-15 10:53:32.332 -0500,2025-12-18 20:15:00.000 -0500,16,0,0,29,30,1,Lumen Field
1052,2025-12-15 10:53:32.336 -0500,2025-12-15 10:53:32.336 -0500,2025-12-20 17:00:00.000 -0500,16,0,0,17,19,1,Northwest Stadium
1053,2025-12-15 10:53:32.340 -0500,2025-12-15 10:53:32.340 -0500,2025-12-20 20:20:00.000 -0500,16,0,0,21,22,1,Soldier Field
1054,2025-12-15 10:53:32.345 -0500,2025-12-15 10:53:32.345 -0500,2025-12-21 13:00:00.000 -0500,16,0,0,1,6,1,M&T Bank Stadium
1055,2025-12-15 10:53:32.348 -0500,2025-12-15 10:53:32.348 -0500,2025-12-21 13:00:00.000 -0500,16,0,0,26,9,1,Bank of America Stadium
1056,2025-12-15 10:53:32.351 -0500,2025-12-15 10:53:32.351 -0500,2025-12-21 13:00:00.000 -0500,16,0,0,2,8,1,Huntington Bank Field
1057,2025-12-15 10:53:32.355 -0500,2025-12-15 10:53:32.355 -0500,2025-12-21 13:00:00.000 -0500,16,0,0,14,18,1,AT&T Stadium
1058,2025-12-15 10:53:32.358 -0500,2025-12-15 10:53:32.358 -0500,2025-12-21 13:00:00.000 -0500,16,0,0,4,28,1,Caesars Superdome
1059,2025-12-15 10:53:32.362 -0500,2025-12-15 10:53:32.362 -0500,2025-12-21 13:00:00.000 -0500,16,0,0,24,20,1,MetLife Stadium
1060,2025-12-15 10:53:32.365 -0500,2025-12-15 10:53:32.365 -0500,2025-12-21 13:00:00.000 -0500,16,0,0,15,12,1,Nissan Stadium
1061,2025-12-15 10:53:32.368 -0500,2025-12-15 10:53:32.368 -0500,2025-12-21 16:05:00.000 -0500,16,0,0,27,32,1,State Farm Stadium
1062,2025-12-15 10:53:32.371 -0500,2025-12-15 10:53:32.371 -0500,2025-12-21 16:05:00.000 -0500,16,0,0,25,13,1,Empower Field at Mile High
1063,2025-12-15 10:53:32.373 -0500,2025-12-15 10:53:32.373 -0500,2025-12-21 16:25:00.000 -0500,16,0,0,5,23,1,Ford Field
1064,2025-12-15 10:53:32.377 -0500,2025-12-15 10:53:32.377 -0500,2025-12-21 16:25:00.000 -0500,16,0,0,16,10,1,NRG Stadium
1065,2025-12-15 10:53:32.380 -0500,2025-12-15 10:53:32.380 -0500,2025-12-21 20:20:00.000 -0500,16,0,0,7,3,1,Hard Rock Stadium
1066,2025-12-15 10:53:32.383 -0500,2025-12-15 10:53:32.383 -0500,2025-12-22 20:15:00.000 -0500,16,0,0,31,11,1,Lucas Oil Stadium
1067,2025-12-15 10:53:32.386 -0500,2025-12-15 10:53:32.386 -0500,2025-12-25 13:00:00.000 -0500,17,0,0,18,19,1,Northwest Stadium
1068,2025-12-15 10:53:32.390 -0500,2025-12-15 10:53:32.390 -0500,2025-12-25 16:30:00.000 -0500,17,0,0,23,24,1,U.S. Bank Stadium
1069,2025-12-15 10:53:32.394 -0500,2025-12-15 10:53:32.394 -0500,2025-12-25 20:15:00.000 -0500,17,0,0,13,15,1,GEHA Field at Arrowhead Stadium
1070,2025-12-15 10:53:32.397 -0500,2025-12-15 10:53:32.397 -0500,2025-12-28 13:00:00.000 -0500,17,0,0,5,8,1,Huntington Bank Field
1071,2025-12-15 10:53:32.400 -0500,2025-12-15 10:53:32.400 -0500,2025-12-28 13:00:00.000 -0500,17,0,0,25,11,1,Lucas Oil Stadium
1072,2025-12-15 10:53:32.403 -0500,2025-12-15 10:53:32.403 -0500,2025-12-28 13:00:00.000 -0500,17,0,0,26,3,1,Hard Rock Stadium
1073,2025-12-15 10:53:32.408 -0500,2025-12-15 10:53:32.408 -0500,2025-12-28 13:00:00.000 -0500,17,0,0,1,4,1,MetLife Stadium
1074,2025-12-15 10:53:32.411 -0500,2025-12-15 10:53:32.411 -0500,2025-12-28 13:00:00.000 -0500,17,0,0,28,12,1,Nissan Stadium
1075,2025-12-15 10:53:32.414 -0500,2025-12-15 10:53:32.414 -0500,2025-12-28 16:25:00.000 -0500,17,0,0,17,2,1,Highmark Stadium
1076,2025-12-15 10:53:32.417 -0500,2025-12-15 10:53:32.417 -0500,2025-12-28 20:20:00.000 -0500,17,0,0,22,31,1,Levi's Stadium
1077,2025-12-15 10:53:32.420 -0500,2025-12-15 10:53:32.420 -0500,2025-12-29 19:00:00.000 -0500,17,0,0,30,9,1,Bank of America Stadium
1078,2025-12-15 10:53:32.423 -0500,2025-12-15 10:53:32.423 -0500,2025-12-29 19:00:00.000 -0500,17,0,0,32,7,1,Paycor Stadium
1079,2025-12-15 10:53:32.427 -0500,2025-12-15 10:53:32.427 -0500,2025-12-29 19:00:00.000 -0500,17,0,0,6,21,1,Lambeau Field
1080,2025-12-15 10:53:32.430 -0500,2025-12-15 10:53:32.430 -0500,2025-12-29 19:00:00.000 -0500,17,0,0,10,14,1,SoFi Stadium
1081,2025-12-15 10:53:32.433 -0500,2025-12-15 10:53:32.433 -0500,2025-12-29 19:00:00.000 -0500,17,0,0,20,16,1,Allegiant Stadium
1082,2025-12-15 10:53:32.436 -0500,2025-12-15 10:53:32.436 -0500,2025-12-29 20:15:00.000 -0500,17,0,0,29,27,1,Mercedes-Benz Stadium
1083,2025-12-15 10:53:32.440 -0500,2025-12-15 10:53:32.440 -0500,2026-01-04 19:00:00.000 -0500,18,0,0,28,27,1,Mercedes-Benz Stadium
1084,2025-12-15 10:53:32.444 -0500,2025-12-15 10:53:32.444 -0500,2026-01-04 19:00:00.000 -0500,18,0,0,4,2,1,Highmark Stadium
1085,2025-12-15 10:53:32.447 -0500,2025-12-15 10:53:32.447 -0500,2026-01-04 19:00:00.000 -0500,18,0,0,23,22,1,Soldier Field
1086,2025-12-15 10:53:32.450 -0500,2025-12-15 10:53:32.450 -0500,2026-01-04 19:00:00.000 -0500,18,0,0,8,7,1,Paycor Stadium
1087,2025-12-15 10:53:32.453 -0500,2025-12-15 10:53:32.453 -0500,2026-01-04 19:00:00.000 -0500,18,0,0,14,13,1,Empower Field at Mile High
1088,2025-12-15 10:53:32.456 -0500,2025-12-15 10:53:32.456 -0500,2026-01-04 19:00:00.000 -0500,18,0,0,11,10,1,NRG Stadium
1089,2025-12-15 10:53:32.459 -0500,2025-12-15 10:53:32.459 -0500,2026-01-04 19:00:00.000 -0500,18,0,0,12,25,1,EverBank Stadium
1090,2025-12-15 10:53:32.463 -0500,2025-12-15 10:53:32.463 -0500,2026-01-04 19:00:00.000 -0500,18,0,0,32,29,1,SoFi Stadium
1091,2025-12-15 10:53:32.466 -0500,2025-12-15 10:53:32.466 -0500,2026-01-04 19:00:00.000 -0500,18,0,0,15,16,1,Allegiant Stadium
1092,2025-12-15 10:53:32.470 -0500,2025-12-15 10:53:32.470 -0500,2026-01-04 19:00:00.000 -0500,18,0,0,21,24,1,U.S. Bank Stadium
1093,2025-12-15 10:53:32.473 -0500,2025-12-15 10:53:32.473 -0500,2026-01-04 19:00:00.000 -0500,18,0,0,3,1,1,Gillette Stadium
1094,2025-12-15 10:53:32.476 -0500,2025-12-15 10:53:32.476 -0500,2026-01-04 19:00:00.000 -0500,18,0,0,18,20,1,MetLife Stadium
1095,2025-12-15 10:53:32.480 -0500,2025-12-15 10:53:32.480 -0500,2026-01-04 19:00:00.000 -0500,18,0,0,19,17,1,Lincoln Financial Field
1096,2025-12-15 10:53:32.483 -0500,2025-12-15 10:53:32.483 -0500,2026-01-04 19:00:00.000 -0500,18,0,0,6,5,1,Acrisure Stadium
1097,2025-12-15 10:53:32.486 -0500,2025-12-15 10:53:32.486 -0500,2026-01-04 19:00:00.000 -0500,18,0,0,30,31,1,Levi's Stadium
1098,2025-12-15 10:53:32.490 -0500,2025-12-15 10:53:32.490 -0500,2026-01-04 19:00:00.000 -0500,18,0,0,9,26,1,Raymond James Stadium
1036,2025-12-15 10:53:32.289 -0500,2025-12-15 11:34:15.357 -0500,2025-12-14 13:00:00.000 -0500,15,3,31,8,22,1,Soldier Field
1037,2025-12-15 10:53:32.292 -0500,2025-12-15 11:34:57.074 -0500,2025-12-14 13:00:00.000 -0500,15,24,0,6,7,1,Paycor Stadium
1038,2025-12-15 10:53:32.294 -0500,2025-12-15 11:35:20.398 -0500,2025-12-14 13:00:00.000 -0500,15,20,40,32,10,1,NRG Stadium
1102,2025-12-15 10:59:08.599 -0500,2025-12-15 10:59:08.599 -0500,2025-09-04 20:20:00.000 -0400,1,20,24,18,17,1,Lincoln Financial Field
1039,2025-12-15 10:53:32.298 -0500,2025-12-15 11:36:11.082 -0500,2025-12-14 13:00:00.000 -0500,15,20,48,4,25,1,EverBank Stadium
1040,2025-12-15 10:53:32.301 -0500,2025-12-15 11:36:48.219 -0500,2025-12-14 13:00:00.000 -0500,15,16,13,14,15,1,GEHA Field at Arrowhead Stadium
1041,2025-12-15 10:53:32.303 -0500,2025-12-15 11:37:23.690 -0500,2025-12-14 13:00:00.000 -0500,15,31,35,2,1,1,Gillette Stadium
1042,2025-12-15 10:53:32.307 -0500,2025-12-15 11:38:09.753 -0500,2025-12-14 13:00:00.000 -0500,15,29,21,19,20,1,MetLife Stadium
1043,2025-12-15 10:53:32.309 -0500,2025-12-15 11:38:31.157 -0500,2025-12-14 13:00:00.000 -0500,15,0,31,16,17,1,Lincoln Financial Field
1044,2025-12-15 10:53:32.312 -0500,2025-12-15 11:39:31.389 -0500,2025-12-14 16:25:00.000 -0500,15,26,34,21,13,1,Empower Field at Mile High
1045,2025-12-15 10:53:32.315 -0500,2025-12-15 11:39:57.403 -0500,2025-12-14 16:25:00.000 -0500,15,34,41,23,29,1,SoFi Stadium
1046,2025-12-15 10:53:32.318 -0500,2025-12-15 11:40:24.664 -0500,2025-12-14 16:25:00.000 -0500,15,17,20,9,28,1,Caesars Superdome
1047,2025-12-15 10:53:32.320 -0500,2025-12-15 11:40:57.467 -0500,2025-12-14 16:25:00.000 -0500,15,16,18,11,30,1,Lumen Field
1048,2025-12-15 10:53:32.323 -0500,2025-12-15 11:41:18.004 -0500,2025-12-14 16:25:00.000 -0500,15,24,37,12,31,1,Levi's Stadium
1049,2025-12-15 10:53:32.326 -0500,2025-12-15 11:41:51.984 -0500,2025-12-14 20:20:00.000 -0500,15,34,26,24,18,1,AT&T Stadium
1103,2025-12-15 10:59:08.612 -0500,2025-12-15 10:59:08.612 -0500,2025-09-05 20:00:00.000 -0400,1,21,27,15,14,1,Arena Corinthians
1104,2025-12-15 10:59:08.615 -0500,2025-12-15 10:59:08.615 -0500,2025-09-07 13:00:00.000 -0400,1,23,20,26,27,1,Mercedes-Benz Stadium
1105,2025-12-15 10:59:08.617 -0500,2025-12-15 10:59:08.617 -0500,2025-09-07 13:00:00.000 -0400,1,17,16,7,8,1,Huntington Bank Field
1106,2025-12-15 10:59:08.620 -0500,2025-12-15 10:59:08.620 -0500,2025-09-07 13:00:00.000 -0400,1,8,33,3,11,1,Lucas Oil Stadium
1107,2025-12-15 10:59:08.622 -0500,2025-12-15 10:59:08.622 -0500,2025-09-07 13:00:00.000 -0400,1,10,26,9,25,1,EverBank Stadium
1108,2025-12-15 10:59:08.624 -0500,2025-12-15 10:59:08.624 -0500,2025-09-07 13:00:00.000 -0400,1,20,13,16,1,1,Gillette Stadium
1109,2025-12-15 10:59:08.629 -0500,2025-12-15 10:59:08.629 -0500,2025-09-07 13:00:00.000 -0400,1,20,13,32,28,1,Caesars Superdome
1110,2025-12-15 10:59:08.632 -0500,2025-12-15 10:59:08.632 -0500,2025-09-07 13:00:00.000 -0400,1,34,32,5,4,1,MetLife Stadium
1111,2025-12-15 10:59:08.634 -0500,2025-12-15 10:59:08.634 -0500,2025-09-07 13:00:00.000 -0400,1,6,21,20,19,1,Northwest Stadium
1112,2025-12-15 10:59:08.637 -0500,2025-12-15 10:59:08.637 -0500,2025-09-07 16:05:00.000 -0400,1,12,20,12,13,1,Empower Field at Mile High
1113,2025-12-15 10:59:08.639 -0500,2025-12-15 10:59:08.639 -0500,2025-09-07 16:05:00.000 -0400,1,17,13,31,30,1,Lumen Field
1114,2025-12-15 10:59:08.643 -0500,2025-12-15 10:59:08.643 -0500,2025-09-07 16:25:00.000 -0400,1,13,27,23,21,1,Lambeau Field
1115,2025-12-15 10:59:08.645 -0500,2025-12-15 10:59:08.645 -0500,2025-09-07 16:25:00.000 -0400,1,9,14,10,29,1,SoFi Stadium
1116,2025-12-15 10:59:08.648 -0500,2025-12-15 10:59:08.648 -0500,2025-09-07 20:20:00.000 -0400,1,40,41,6,2,1,Highmark Stadium
1117,2025-12-15 10:59:08.650 -0500,2025-12-15 10:59:08.650 -0500,2025-09-08 20:15:00.000 -0400,1,27,24,24,22,1,Soldier Field
1118,2025-12-15 10:59:08.652 -0500,2025-12-15 10:59:08.652 -0500,2025-09-11 20:15:00.000 -0400,2,18,27,19,21,1,Lambeau Field
1119,2025-12-15 10:59:08.654 -0500,2025-12-15 10:59:08.655 -0500,2025-09-14 13:00:00.000 -0400,2,17,41,8,6,1,M&T Bank Stadium
1120,2025-12-15 10:59:08.657 -0500,2025-12-15 10:59:08.657 -0500,2025-09-14 13:00:00.000 -0400,2,27,31,25,7,1,Paycor Stadium
1121,2025-12-15 10:59:08.660 -0500,2025-12-15 10:59:08.660 -0500,2025-09-14 13:00:00.000 -0400,2,37,40,20,18,1,AT&T Stadium
1122,2025-12-15 10:59:08.664 -0500,2025-12-15 10:59:08.664 -0500,2025-09-14 13:00:00.000 -0400,2,21,52,22,23,1,Ford Field
1123,2025-12-15 10:59:08.666 -0500,2025-12-15 10:59:08.666 -0500,2025-09-14 13:00:00.000 -0400,2,33,27,1,3,1,Hard Rock Stadium
1124,2025-12-15 10:59:08.669 -0500,2025-12-15 10:59:08.669 -0500,2025-09-14 13:00:00.000 -0400,2,26,21,31,28,1,Caesars Superdome
1125,2025-12-15 10:59:08.672 -0500,2025-12-15 10:59:08.672 -0500,2025-09-14 13:00:00.000 -0400,2,30,10,2,4,1,MetLife Stadium
1126,2025-12-15 10:59:08.675 -0500,2025-12-15 10:59:08.675 -0500,2025-09-14 13:00:00.000 -0400,2,31,17,30,5,1,Acrisure Stadium
1127,2025-12-15 10:59:08.678 -0500,2025-12-15 10:59:08.678 -0500,2025-09-14 13:00:00.000 -0400,2,33,19,29,12,1,Nissan Stadium
1128,2025-12-15 10:59:08.681 -0500,2025-12-15 10:59:08.681 -0500,2025-09-14 16:05:00.000 -0400,2,22,27,9,32,1,State Farm Stadium
1129,2025-12-15 10:59:08.683 -0500,2025-12-15 10:59:08.683 -0500,2025-09-14 16:05:00.000 -0400,2,28,29,13,11,1,Lucas Oil Stadium
1130,2025-12-15 10:59:08.685 -0500,2025-12-15 10:59:08.685 -0500,2025-09-14 16:25:00.000 -0400,2,20,17,17,15,1,GEHA Field at Arrowhead Stadium
1131,2025-12-15 10:59:08.688 -0500,2025-12-15 10:59:08.688 -0500,2025-09-14 20:20:00.000 -0400,2,22,6,27,24,1,U.S. Bank Stadium
1132,2025-12-15 10:59:08.691 -0500,2025-12-15 10:59:08.691 -0500,2025-09-15 19:00:00.000 -0400,2,20,19,26,10,1,NRG Stadium
1133,2025-12-15 10:59:08.693 -0500,2025-12-15 10:59:08.694 -0500,2025-09-15 22:00:00.000 -0400,2,20,9,14,16,1,Allegiant Stadium
1134,2025-12-15 10:59:08.696 -0500,2025-12-15 10:59:08.696 -0500,2025-09-18 20:15:00.000 -0400,3,21,31,3,2,1,Highmark Stadium
1135,2025-12-15 10:59:08.699 -0500,2025-12-15 10:59:08.699 -0500,2025-09-21 13:00:00.000 -0400,3,0,30,27,9,1,Bank of America Stadium
1136,2025-12-15 10:59:08.702 -0500,2025-12-15 10:59:08.702 -0500,2025-09-21 13:00:00.000 -0400,3,10,13,21,8,1,Huntington Bank Field
1137,2025-12-15 10:59:08.705 -0500,2025-12-15 10:59:08.705 -0500,2025-09-21 13:00:00.000 -0400,3,10,17,10,25,1,EverBank Stadium
1138,2025-12-15 10:59:08.707 -0500,2025-12-15 10:59:08.707 -0500,2025-09-21 13:00:00.000 -0400,3,10,48,7,24,1,U.S. Bank Stadium
1139,2025-12-15 10:59:08.710 -0500,2025-12-15 10:59:08.710 -0500,2025-09-21 13:00:00.000 -0400,3,21,14,5,1,1,Gillette Stadium
1140,2025-12-15 10:59:08.712 -0500,2025-12-15 10:59:08.712 -0500,2025-09-21 13:00:00.000 -0400,3,26,33,29,17,1,Lincoln Financial Field
1141,2025-12-15 10:59:08.715 -0500,2025-12-15 10:59:08.715 -0500,2025-09-21 13:00:00.000 -0400,3,27,29,4,26,1,Raymond James Stadium
1142,2025-12-15 10:59:08.717 -0500,2025-12-15 10:59:08.717 -0500,2025-09-21 13:00:00.000 -0400,3,41,20,11,12,1,Nissan Stadium
1143,2025-12-15 10:59:08.719 -0500,2025-12-15 10:59:08.719 -0500,2025-09-21 13:00:00.000 -0400,3,24,41,16,19,1,Northwest Stadium
1144,2025-12-15 10:59:08.722 -0500,2025-12-15 10:59:08.722 -0500,2025-09-21 16:05:00.000 -0400,3,20,23,13,14,1,SoFi Stadium
1145,2025-12-15 10:59:08.725 -0500,2025-12-15 10:59:08.725 -0500,2025-09-21 16:05:00.000 -0400,3,13,44,28,30,1,Lumen Field
1146,2025-12-15 10:59:08.728 -0500,2025-12-15 10:59:08.728 -0500,2025-09-21 16:25:00.000 -0400,3,14,31,18,22,1,Soldier Field
1147,2025-12-15 10:59:08.731 -0500,2025-12-15 10:59:08.731 -0500,2025-09-21 16:25:00.000 -0400,3,15,16,32,31,1,Levi's Stadium
1148,2025-12-15 10:59:08.734 -0500,2025-12-15 10:59:08.734 -0500,2025-09-21 20:20:00.000 -0400,3,22,9,15,20,1,MetLife Stadium
1149,2025-12-15 10:59:08.736 -0500,2025-12-15 10:59:08.736 -0500,2025-09-22 20:15:00.000 -0400,3,38,30,23,6,1,M&T Bank Stadium
1150,2025-12-15 10:59:08.739 -0500,2025-12-15 10:59:08.739 -0500,2025-09-25 20:15:00.000 -0400,4,23,20,30,32,1,State Farm Stadium
1151,2025-12-15 10:59:08.741 -0500,2025-12-15 10:59:08.741 -0500,2025-09-28 09:30:00.000 -0400,4,21,24,24,5,1,Croke Park
1152,2025-12-15 10:59:08.744 -0500,2025-12-15 10:59:08.744 -0500,2025-09-28 13:00:00.000 -0400,4,27,34,19,27,1,Mercedes-Benz Stadium
1153,2025-12-15 10:59:08.747 -0500,2025-12-15 10:59:08.747 -0500,2025-09-28 13:00:00.000 -0400,4,19,31,28,2,1,Highmark Stadium
1154,2025-12-15 10:59:08.749 -0500,2025-12-15 10:59:08.749 -0500,2025-09-28 13:00:00.000 -0400,4,10,34,8,23,1,Ford Field
1155,2025-12-15 10:59:08.752 -0500,2025-12-15 10:59:08.752 -0500,2025-09-28 13:00:00.000 -0400,4,0,26,12,10,1,NRG Stadium
1156,2025-12-15 10:59:08.755 -0500,2025-12-15 10:59:08.755 -0500,2025-09-28 13:00:00.000 -0400,4,13,42,9,1,1,Gillette Stadium
1157,2025-12-15 10:59:08.757 -0500,2025-12-15 10:59:08.757 -0500,2025-09-28 13:00:00.000 -0400,4,18,21,14,20,1,MetLife Stadium
1158,2025-12-15 10:59:08.760 -0500,2025-12-15 10:59:08.760 -0500,2025-09-28 13:00:00.000 -0400,4,31,25,17,26,1,Raymond James Stadium
1159,2025-12-15 10:59:08.763 -0500,2025-12-15 10:59:08.763 -0500,2025-09-28 16:05:00.000 -0400,4,20,27,11,29,1,SoFi Stadium
1160,2025-12-15 10:59:08.766 -0500,2025-12-15 10:59:08.766 -0500,2025-09-28 16:05:00.000 -0400,4,26,21,25,31,1,Levi's Stadium
1161,2025-12-15 10:59:08.769 -0500,2025-12-15 10:59:08.769 -0500,2025-09-28 16:25:00.000 -0400,4,20,37,6,15,1,GEHA Field at Arrowhead Stadium
1162,2025-12-15 10:59:08.772 -0500,2025-12-15 10:59:08.772 -0500,2025-09-28 16:25:00.000 -0400,4,25,24,22,16,1,Allegiant Stadium
1163,2025-12-15 10:59:08.774 -0500,2025-12-15 10:59:08.774 -0500,2025-09-28 20:20:00.000 -0400,4,40,40,21,18,1,AT&T Stadium
1164,2025-12-15 10:59:08.777 -0500,2025-12-15 10:59:08.777 -0500,2025-09-29 19:15:00.000 -0400,4,21,27,4,3,1,Hard Rock Stadium
1165,2025-12-15 10:59:08.779 -0500,2025-12-15 10:59:08.779 -0500,2025-09-29 20:15:00.000 -0400,4,3,28,7,13,1,Empower Field at Mile High
1166,2025-12-15 10:59:08.782 -0500,2025-12-15 10:59:08.782 -0500,2025-10-02 20:15:00.000 -0400,5,26,23,31,29,1,SoFi Stadium
1167,2025-12-15 10:59:08.785 -0500,2025-12-15 10:59:08.785 -0500,2025-10-05 09:30:00.000 -0400,5,21,17,24,8,1,Tottenham Hotspur Stadium
1168,2025-12-15 10:59:08.787 -0500,2025-12-15 10:59:08.787 -0500,2025-10-05 13:00:00.000 -0400,5,44,10,10,6,1,M&T Bank Stadium
1169,2025-12-15 10:59:08.790 -0500,2025-12-15 10:59:08.790 -0500,2025-10-05 13:00:00.000 -0400,5,24,27,3,9,1,Bank of America Stadium
1170,2025-12-15 10:59:08.792 -0500,2025-12-15 10:59:08.792 -0500,2025-10-05 13:00:00.000 -0400,5,6,40,16,11,1,Lucas Oil Stadium
1171,2025-12-15 10:59:08.795 -0500,2025-12-15 10:59:08.795 -0500,2025-10-05 13:00:00.000 -0400,5,14,26,20,28,1,Caesars Superdome
1172,2025-12-15 10:59:08.798 -0500,2025-12-15 10:59:08.798 -0500,2025-10-05 13:00:00.000 -0400,5,37,22,18,4,1,MetLife Stadium
1173,2025-12-15 10:59:08.801 -0500,2025-12-15 10:59:08.801 -0500,2025-10-05 13:00:00.000 -0400,5,21,17,13,17,1,Lincoln Financial Field
1174,2025-12-15 10:59:08.803 -0500,2025-12-15 10:59:08.803 -0500,2025-10-05 16:05:00.000 -0400,5,22,21,12,32,1,State Farm Stadium
1175,2025-12-15 10:59:08.805 -0500,2025-12-15 10:59:08.805 -0500,2025-10-05 16:05:00.000 -0400,5,38,35,26,30,1,Lumen Field
1176,2025-12-15 10:59:08.808 -0500,2025-12-15 10:59:08.808 -0500,2025-10-05 16:25:00.000 -0400,5,37,24,23,7,1,Paycor Stadium
1177,2025-12-15 10:59:08.811 -0500,2025-12-15 10:59:08.811 -0500,2025-10-05 16:25:00.000 -0400,5,27,10,19,14,1,SoFi Stadium
1178,2025-12-15 10:59:08.813 -0500,2025-12-15 10:59:08.813 -0500,2025-10-05 20:20:00.000 -0400,5,23,20,1,2,1,Highmark Stadium
1179,2025-12-15 10:59:08.816 -0500,2025-12-15 10:59:08.816 -0500,2025-10-06 20:15:00.000 -0400,5,28,31,15,25,1,EverBank Stadium
1180,2025-12-15 10:59:08.819 -0500,2025-12-15 10:59:08.819 -0500,2025-10-09 20:15:00.000 -0400,6,17,34,17,20,1,MetLife Stadium
1181,2025-12-15 10:59:08.821 -0500,2025-12-15 10:59:08.821 -0500,2025-10-12 09:30:00.000 -0400,6,13,11,13,4,1,Tottenham Hotspur Stadium
1182,2025-12-15 10:59:08.824 -0500,2025-12-15 10:59:08.824 -0500,2025-10-12 13:00:00.000 -0400,6,17,3,29,6,1,M&T Bank Stadium
1183,2025-12-15 10:59:08.827 -0500,2025-12-15 10:59:08.827 -0500,2025-10-12 13:00:00.000 -0400,6,27,30,18,9,1,Bank of America Stadium
1184,2025-12-15 10:59:08.831 -0500,2025-12-15 10:59:08.831 -0500,2025-10-12 13:00:00.000 -0400,6,27,31,32,11,1,Lucas Oil Stadium
1185,2025-12-15 10:59:08.833 -0500,2025-12-15 10:59:08.833 -0500,2025-10-12 13:00:00.000 -0400,6,20,12,30,25,1,EverBank Stadium
1186,2025-12-15 10:59:08.835 -0500,2025-12-15 10:59:08.835 -0500,2025-10-12 13:00:00.000 -0400,6,29,27,14,3,1,Hard Rock Stadium
1187,2025-12-15 10:59:08.837 -0500,2025-12-15 10:59:08.837 -0500,2025-10-12 13:00:00.000 -0400,6,9,23,8,5,1,Acrisure Stadium
1188,2025-12-15 10:59:08.840 -0500,2025-12-15 10:59:08.840 -0500,2025-10-12 13:00:00.000 -0400,6,25,19,1,28,1,Caesars Superdome
1189,2025-12-15 10:59:08.842 -0500,2025-12-15 10:59:08.842 -0500,2025-10-12 16:05:00.000 -0400,6,10,20,12,16,1,Allegiant Stadium
1190,2025-12-15 10:59:08.845 -0500,2025-12-15 10:59:08.845 -0500,2025-10-12 16:25:00.000 -0400,6,19,30,31,26,1,Raymond James Stadium
1191,2025-12-15 10:59:08.848 -0500,2025-12-15 10:59:08.848 -0500,2025-10-12 16:25:00.000 -0400,6,18,27,7,21,1,Lambeau Field
1192,2025-12-15 10:59:08.851 -0500,2025-12-15 10:59:08.851 -0500,2025-10-12 20:20:00.000 -0400,6,17,30,23,15,1,GEHA Field at Arrowhead Stadium
1193,2025-12-15 10:59:08.854 -0500,2025-12-15 10:59:08.854 -0500,2025-10-13 19:15:00.000 -0400,6,14,24,2,27,1,Mercedes-Benz Stadium
1194,2025-12-15 10:59:08.856 -0500,2025-12-15 10:59:08.856 -0500,2025-10-13 20:15:00.000 -0400,6,25,24,22,19,1,Northwest Stadium
1195,2025-12-15 10:59:08.859 -0500,2025-12-15 10:59:08.859 -0500,2025-10-16 20:15:00.000 -0400,7,31,33,5,7,1,Paycor Stadium
1196,2025-12-15 10:59:08.862 -0500,2025-12-15 10:59:08.862 -0500,2025-10-19 09:30:00.000 -0400,7,35,7,29,25,1,Wembley Stadium
1197,2025-12-15 10:59:08.865 -0500,2025-12-15 10:59:08.865 -0500,2025-10-19 13:00:00.000 -0400,7,14,26,28,22,1,Soldier Field
1198,2025-12-15 10:59:08.867 -0500,2025-12-15 10:59:08.867 -0500,2025-10-19 13:00:00.000 -0400,7,6,31,3,8,1,Huntington Bank Field
1199,2025-12-15 10:59:08.870 -0500,2025-12-15 10:59:08.870 -0500,2025-10-19 13:00:00.000 -0400,7,0,31,16,15,1,GEHA Field at Arrowhead Stadium
1200,2025-12-15 10:59:08.872 -0500,2025-12-15 10:59:08.872 -0500,2025-10-19 13:00:00.000 -0400,7,28,22,17,24,1,U.S. Bank Stadium
1201,2025-12-15 10:59:08.874 -0500,2025-12-15 10:59:08.874 -0500,2025-10-19 13:00:00.000 -0400,7,13,6,9,4,1,MetLife Stadium
1202,2025-12-15 10:59:08.877 -0500,2025-12-15 10:59:08.877 -0500,2025-10-19 13:00:00.000 -0400,7,31,13,1,12,1,Nissan Stadium
1203,2025-12-15 10:59:08.880 -0500,2025-12-15 10:59:08.880 -0500,2025-10-19 16:05:00.000 -0400,7,32,33,20,13,1,Empower Field at Mile High
1204,2025-12-15 10:59:08.883 -0500,2025-12-15 10:59:08.883 -0500,2025-10-19 16:05:00.000 -0400,7,38,24,11,14,1,SoFi Stadium
1205,2025-12-15 10:59:08.886 -0500,2025-12-15 10:59:08.886 -0500,2025-10-19 16:25:00.000 -0400,7,27,23,21,32,1,State Farm Stadium
1206,2025-12-15 10:59:08.888 -0500,2025-12-15 10:59:08.888 -0500,2025-10-19 16:25:00.000 -0400,7,22,44,19,18,1,AT&T Stadium
1207,2025-12-15 10:59:08.891 -0500,2025-12-15 10:59:08.891 -0500,2025-10-19 20:20:00.000 -0400,7,10,20,27,31,1,Levi's Stadium
1208,2025-12-15 10:59:08.894 -0500,2025-12-15 10:59:08.894 -0500,2025-10-20 19:00:00.000 -0400,7,9,24,26,23,1,Ford Field
1209,2025-12-15 10:59:08.897 -0500,2025-12-15 10:59:08.897 -0500,2025-10-20 22:00:00.000 -0400,7,19,27,10,30,1,Lumen Field
1210,2025-12-15 10:59:08.899 -0500,2025-12-15 10:59:08.899 -0500,2025-10-23 20:15:00.000 -0400,8,10,37,24,14,1,SoFi Stadium
1211,2025-12-15 10:59:08.902 -0500,2025-12-15 10:59:08.902 -0500,2025-10-26 13:00:00.000 -0400,8,34,10,3,27,1,Mercedes-Benz Stadium
1212,2025-12-15 10:59:08.904 -0500,2025-12-15 10:59:08.904 -0500,2025-10-26 13:00:00.000 -0400,8,16,30,22,6,1,M&T Bank Stadium
1213,2025-12-15 10:59:08.906 -0500,2025-12-15 10:59:08.906 -0500,2025-10-26 13:00:00.000 -0400,8,40,9,2,9,1,Bank of America Stadium
1214,2025-12-15 10:59:08.909 -0500,2025-12-15 10:59:08.909 -0500,2025-10-26 13:00:00.000 -0400,8,39,38,4,7,1,Paycor Stadium
1215,2025-12-15 10:59:08.912 -0500,2025-12-15 10:59:08.912 -0500,2025-10-26 13:00:00.000 -0400,8,15,26,31,10,1,NRG Stadium
1216,2025-12-15 10:59:08.915 -0500,2025-12-15 10:59:08.915 -0500,2025-10-26 13:00:00.000 -0400,8,13,32,8,1,1,Gillette Stadium
1217,2025-12-15 10:59:08.918 -0500,2025-12-15 10:59:08.918 -0500,2025-10-26 13:00:00.000 -0400,8,20,38,20,17,1,Lincoln Financial Field
1218,2025-12-15 10:59:08.920 -0500,2025-12-15 10:59:08.920 -0500,2025-10-26 16:05:00.000 -0400,8,23,3,26,28,1,Caesars Superdome
1219,2025-12-15 10:59:08.923 -0500,2025-12-15 10:59:08.923 -0500,2025-10-26 16:25:00.000 -0400,8,24,44,18,13,1,Empower Field at Mile High
1220,2025-12-15 10:59:08.926 -0500,2025-12-15 10:59:08.926 -0500,2025-10-26 16:25:00.000 -0400,8,14,38,12,11,1,Lucas Oil Stadium
1221,2025-12-15 10:59:08.929 -0500,2025-12-15 10:59:08.929 -0500,2025-10-26 20:20:00.000 -0400,8,35,25,21,5,1,Acrisure Stadium
1222,2025-12-15 10:59:08.931 -0500,2025-12-15 10:59:08.931 -0500,2025-10-27 20:15:00.000 -0400,8,7,28,19,15,1,GEHA Field at Arrowhead Stadium
1223,2025-12-15 10:59:08.934 -0500,2025-12-15 10:59:08.934 -0500,2025-10-30 20:15:00.000 -0400,9,28,6,6,3,1,Hard Rock Stadium
1224,2025-12-15 10:59:08.936 -0500,2025-12-15 10:59:08.936 -0500,2025-11-02 13:00:00.000 -0500,9,47,42,22,7,1,Paycor Stadium
1225,2025-12-15 10:59:08.938 -0500,2025-12-15 10:59:08.938 -0500,2025-11-02 13:00:00.000 -0500,9,27,24,24,23,1,Ford Field
1226,2025-12-15 10:59:08.941 -0500,2025-12-15 10:59:08.941 -0500,2025-11-02 13:00:00.000 -0500,9,16,13,9,21,1,Lambeau Field
1227,2025-12-15 10:59:08.944 -0500,2025-12-15 10:59:08.944 -0500,2025-11-02 13:00:00.000 -0500,9,18,15,13,10,1,NRG Stadium
1228,2025-12-15 10:59:08.947 -0500,2025-12-15 10:59:08.947 -0500,2025-11-02 13:00:00.000 -0500,9,23,24,27,1,1,Gillette Stadium
1229,2025-12-15 10:59:08.950 -0500,2025-12-15 10:59:08.950 -0500,2025-11-02 13:00:00.000 -0500,9,34,24,31,20,1,MetLife Stadium
1230,2025-12-15 10:59:08.952 -0500,2025-12-15 10:59:08.952 -0500,2025-11-02 13:00:00.000 -0500,9,20,27,11,5,1,Acrisure Stadium
1231,2025-12-15 10:59:08.955 -0500,2025-12-15 10:59:08.955 -0500,2025-11-02 13:00:00.000 -0500,9,27,20,14,12,1,Nissan Stadium
1232,2025-12-15 10:59:08.958 -0500,2025-12-15 10:59:08.958 -0500,2025-11-02 16:05:00.000 -0500,9,10,34,28,29,1,SoFi Stadium
1233,2025-12-15 10:59:08.961 -0500,2025-12-15 10:59:08.961 -0500,2025-11-02 16:05:00.000 -0500,9,30,29,25,16,1,Allegiant Stadium
1234,2025-12-15 10:59:08.963 -0500,2025-12-15 10:59:08.963 -0500,2025-11-02 16:25:00.000 -0500,9,21,28,15,2,1,Highmark Stadium
1235,2025-12-15 10:59:08.966 -0500,2025-12-15 10:59:08.966 -0500,2025-11-02 20:20:00.000 -0500,9,38,14,30,19,1,Northwest Stadium
1236,2025-12-15 10:59:08.968 -0500,2025-12-15 10:59:08.968 -0500,2025-11-03 20:15:00.000 -0500,9,27,17,32,18,1,AT&T Stadium
1237,2025-12-15 10:59:08.971 -0500,2025-12-15 10:59:08.971 -0500,2025-11-06 20:15:00.000 -0500,10,7,10,16,13,1,Empower Field at Mile High
1238,2025-12-15 10:59:08.973 -0500,2025-12-15 10:59:08.973 -0500,2025-11-09 09:30:00.000 -0500,10,25,31,27,11,1,Olympic Stadium
1239,2025-12-15 10:59:08.976 -0500,2025-12-15 10:59:08.976 -0500,2025-11-09 13:00:00.000 -0500,10,17,7,28,9,1,Bank of America Stadium
1240,2025-12-15 10:59:08.979 -0500,2025-12-15 10:59:08.979 -0500,2025-11-09 13:00:00.000 -0500,10,20,24,20,22,1,Soldier Field
1241,2025-12-15 10:59:08.983 -0500,2025-12-15 10:59:08.983 -0500,2025-11-09 13:00:00.000 -0500,10,29,36,25,10,1,NRG Stadium
1242,2025-12-15 10:59:08.985 -0500,2025-12-15 10:59:08.985 -0500,2025-11-09 13:00:00.000 -0500,10,13,30,2,3,1,Hard Rock Stadium
1243,2025-12-15 10:59:08.988 -0500,2025-12-15 10:59:08.988 -0500,2025-11-09 13:00:00.000 -0500,10,27,19,6,24,1,U.S. Bank Stadium
1244,2025-12-15 10:59:08.991 -0500,2025-12-15 10:59:08.991 -0500,2025-11-09 13:00:00.000 -0500,10,20,27,8,4,1,MetLife Stadium
1245,2025-12-15 10:59:08.993 -0500,2025-12-15 10:59:08.993 -0500,2025-11-09 13:00:00.000 -0500,10,28,23,1,26,1,Raymond James Stadium
1246,2025-12-15 10:59:08.996 -0500,2025-12-15 10:59:08.996 -0500,2025-11-09 16:05:00.000 -0500,10,22,44,32,30,1,Lumen Field
1247,2025-12-15 10:59:08.999 -0500,2025-12-15 10:59:08.999 -0500,2025-11-09 16:25:00.000 -0500,10,42,26,29,31,1,Levi's Stadium
1248,2025-12-15 10:59:09.001 -0500,2025-12-15 10:59:09.001 -0500,2025-11-09 16:25:00.000 -0500,10,44,22,23,19,1,Northwest Stadium
1249,2025-12-15 10:59:09.005 -0500,2025-12-15 10:59:09.005 -0500,2025-11-09 20:20:00.000 -0500,10,10,25,5,14,1,SoFi Stadium
1250,2025-12-15 10:59:09.007 -0500,2025-12-15 10:59:09.007 -0500,2025-11-10 20:15:00.000 -0500,10,10,7,17,21,1,Lambeau Field
1251,2025-12-15 10:59:09.011 -0500,2025-12-15 10:59:09.011 -0500,2025-11-13 20:15:00.000 -0500,11,14,27,4,1,1,Gillette Stadium
1252,2025-12-15 10:59:09.014 -0500,2025-12-15 10:59:09.014 -0500,2025-11-16 09:30:00.000 -0500,11,13,16,19,3,1,Santiago Bernabeu Stadium
1253,2025-12-15 10:59:09.017 -0500,2025-12-15 10:59:09.017 -0500,2025-11-16 13:00:00.000 -0500,11,30,27,9,27,1,Mercedes-Benz Stadium
1254,2025-12-15 10:59:09.020 -0500,2025-12-15 10:59:09.020 -0500,2025-11-16 13:00:00.000 -0500,11,32,44,26,2,1,Highmark Stadium
1255,2025-12-15 10:59:09.023 -0500,2025-12-15 10:59:09.023 -0500,2025-11-16 13:00:00.000 -0500,11,6,35,14,25,1,EverBank Stadium
1256,2025-12-15 10:59:09.026 -0500,2025-12-15 10:59:09.026 -0500,2025-11-16 13:00:00.000 -0500,11,19,17,22,24,1,U.S. Bank Stadium
1257,2025-12-15 10:59:09.029 -0500,2025-12-15 10:59:09.029 -0500,2025-11-16 13:00:00.000 -0500,11,27,20,21,20,1,MetLife Stadium
1258,2025-12-15 10:59:09.031 -0500,2025-12-15 10:59:09.031 -0500,2025-11-16 13:00:00.000 -0500,11,12,34,7,5,1,Acrisure Stadium
1259,2025-12-15 10:59:09.034 -0500,2025-12-15 10:59:09.034 -0500,2025-11-16 13:00:00.000 -0500,11,16,13,10,12,1,Nissan Stadium
1260,2025-12-15 10:59:09.037 -0500,2025-12-15 10:59:09.037 -0500,2025-11-16 16:05:00.000 -0500,11,41,22,31,32,1,State Farm Stadium
1261,2025-12-15 10:59:09.040 -0500,2025-12-15 10:59:09.040 -0500,2025-11-16 16:05:00.000 -0500,11,19,21,30,29,1,SoFi Stadium
1262,2025-12-15 10:59:09.042 -0500,2025-12-15 10:59:09.042 -0500,2025-11-16 16:25:00.000 -0500,11,23,16,6,8,1,Huntington Bank Field
1263,2025-12-15 10:59:09.045 -0500,2025-12-15 10:59:09.045 -0500,2025-11-16 16:25:00.000 -0500,11,19,22,15,13,1,Empower Field at Mile High
1264,2025-12-15 10:59:09.048 -0500,2025-12-15 10:59:09.048 -0500,2025-11-16 20:20:00.000 -0500,11,9,16,23,17,1,Lincoln Financial Field
1265,2025-12-15 10:59:09.051 -0500,2025-12-15 10:59:09.051 -0500,2025-11-17 20:15:00.000 -0500,11,33,16,18,16,1,Allegiant Stadium
1266,2025-12-15 10:59:09.053 -0500,2025-12-15 10:59:09.053 -0500,2025-11-20 20:15:00.000 -0500,12,19,23,2,10,1,NRG Stadium
1267,2025-12-15 10:59:09.055 -0500,2025-12-15 10:59:09.055 -0500,2025-11-23 13:00:00.000 -0500,12,10,23,4,6,1,M&T Bank Stadium
1268,2025-12-15 10:59:09.058 -0500,2025-12-15 10:59:09.058 -0500,2025-11-23 13:00:00.000 -0500,12,28,31,5,22,1,Soldier Field
1269,2025-12-15 10:59:09.060 -0500,2025-12-15 10:59:09.060 -0500,2025-11-23 13:00:00.000 -0500,12,26,20,1,7,1,Paycor Stadium
1270,2025-12-15 10:59:09.063 -0500,2025-12-15 10:59:09.063 -0500,2025-11-23 13:00:00.000 -0500,12,27,34,20,23,1,Ford Field
1271,2025-12-15 10:59:09.067 -0500,2025-12-15 10:59:09.067 -0500,2025-11-23 13:00:00.000 -0500,12,6,23,24,21,1,Lambeau Field
1272,2025-12-15 10:59:09.069 -0500,2025-12-15 10:59:09.069 -0500,2025-11-23 13:00:00.000 -0500,12,20,23,11,15,1,GEHA Field at Arrowhead Stadium
1273,2025-12-15 10:59:09.072 -0500,2025-12-15 10:59:09.072 -0500,2025-11-23 13:00:00.000 -0500,12,30,24,30,12,1,Nissan Stadium
1274,2025-12-15 10:59:09.075 -0500,2025-12-15 10:59:09.075 -0500,2025-11-23 16:05:00.000 -0500,12,27,24,25,32,1,State Farm Stadium
1275,2025-12-15 10:59:09.078 -0500,2025-12-15 10:59:09.078 -0500,2025-11-23 16:05:00.000 -0500,12,24,10,8,16,1,Allegiant Stadium
1276,2025-12-15 10:59:09.081 -0500,2025-12-15 10:59:09.081 -0500,2025-11-23 16:25:00.000 -0500,12,21,24,17,18,1,AT&T Stadium
1277,2025-12-15 10:59:09.083 -0500,2025-12-15 10:59:09.083 -0500,2025-11-23 16:25:00.000 -0500,12,24,10,27,28,1,Caesars Superdome
1278,2025-12-15 10:59:09.086 -0500,2025-12-15 10:59:09.086 -0500,2025-11-23 20:20:00.000 -0500,12,7,34,26,29,1,SoFi Stadium
1279,2025-12-15 10:59:09.088 -0500,2025-12-15 10:59:09.088 -0500,2025-11-24 20:15:00.000 -0500,12,9,20,9,31,1,Levi's Stadium
1280,2025-12-15 10:59:09.090 -0500,2025-12-15 10:59:09.090 -0500,2025-11-27 13:00:00.000 -0500,13,31,24,21,23,1,Ford Field
1281,2025-12-15 10:59:09.093 -0500,2025-12-15 10:59:09.093 -0500,2025-11-27 16:30:00.000 -0500,13,28,31,15,18,1,AT&T Stadium
1282,2025-12-15 10:59:09.096 -0500,2025-12-15 10:59:09.096 -0500,2025-11-27 20:20:00.000 -0500,13,32,14,7,6,1,M&T Bank Stadium
1283,2025-12-15 10:59:09.100 -0500,2025-12-15 10:59:09.100 -0500,2025-11-28 15:00:00.000 -0500,13,24,15,22,17,1,Lincoln Financial Field
1284,2025-12-15 10:59:09.103 -0500,2025-12-15 10:59:09.103 -0500,2025-11-30 13:00:00.000 -0500,13,28,31,29,9,1,Bank of America Stadium
1285,2025-12-15 10:59:09.106 -0500,2025-12-15 10:59:09.106 -0500,2025-11-30 13:00:00.000 -0500,13,26,8,31,8,1,Huntington Bank Field
1286,2025-12-15 10:59:09.110 -0500,2025-12-15 10:59:09.110 -0500,2025-11-30 13:00:00.000 -0500,13,20,16,10,11,1,Lucas Oil Stadium
1287,2025-12-15 10:59:09.114 -0500,2025-12-15 10:59:09.114 -0500,2025-11-30 13:00:00.000 -0500,13,17,21,28,3,1,Hard Rock Stadium
1288,2025-12-15 10:59:09.117 -0500,2025-12-15 10:59:09.117 -0500,2025-11-30 13:00:00.000 -0500,13,24,27,27,4,1,MetLife Stadium
1289,2025-12-15 10:59:09.120 -0500,2025-12-15 10:59:09.120 -0500,2025-11-30 13:00:00.000 -0500,13,17,20,32,26,1,Raymond James Stadium
1290,2025-12-15 10:59:09.122 -0500,2025-12-15 10:59:09.122 -0500,2025-11-30 13:00:00.000 -0500,13,25,3,25,12,1,Nissan Stadium
1291,2025-12-15 10:59:09.125 -0500,2025-12-15 10:59:09.125 -0500,2025-11-30 16:05:00.000 -0500,13,0,26,24,30,1,Lumen Field
1292,2025-12-15 10:59:09.129 -0500,2025-12-15 10:59:09.129 -0500,2025-11-30 16:25:00.000 -0500,13,14,31,16,14,1,SoFi Stadium
1293,2025-12-15 10:59:09.132 -0500,2025-12-15 10:59:09.132 -0500,2025-11-30 16:25:00.000 -0500,13,26,7,2,5,1,Acrisure Stadium
1294,2025-12-15 10:59:09.135 -0500,2025-12-15 10:59:09.135 -0500,2025-11-30 20:20:00.000 -0500,13,27,26,13,19,1,Northwest Stadium
1295,2025-12-15 10:59:09.138 -0500,2025-12-15 10:59:09.138 -0500,2025-12-01 20:15:00.000 -0500,13,15,33,20,1,1,Gillette Stadium
1296,2025-12-15 10:59:09.142 -0500,2025-12-15 10:59:09.142 -0500,2025-12-04 20:15:00.000 -0500,14,30,44,18,23,1,Ford Field
1297,2025-12-15 10:59:09.146 -0500,2025-12-15 10:59:09.146 -0500,2025-12-07 13:00:00.000 -0500,14,37,9,30,27,1,Mercedes-Benz Stadium
1298,2025-12-15 10:59:09.149 -0500,2025-12-15 10:59:09.149 -0500,2025-12-07 13:00:00.000 -0500,14,27,22,5,6,1,M&T Bank Stadium
1299,2025-12-15 10:59:09.152 -0500,2025-12-15 10:59:09.152 -0500,2025-12-07 13:00:00.000 -0500,14,31,29,12,8,1,Huntington Bank Field
1300,2025-12-15 10:59:09.154 -0500,2025-12-15 10:59:09.154 -0500,2025-12-07 13:00:00.000 -0500,14,19,36,11,25,1,EverBank Stadium
1301,2025-12-15 10:59:09.157 -0500,2025-12-15 10:59:09.157 -0500,2025-12-07 13:00:00.000 -0500,14,0,31,19,24,1,U.S. Bank Stadium
